"SEQUENCE_NAME","TABLE_NAME","LAST_NUMBER","INCREMENT_BY","SEQUENCE_OWNER"
"DASH_MESSAGE_SEQ","DASH_MESSAGE_TYPE","1500","1",""
"DB_REPORT_ID_SEQ","DASH_REPORTS","10120","1",""
"NMN_LOOKUPID_SEQ","NP_MEAN_NCE_LOOKUP","40001","4",""
"RPTMSGTYPE_SEQ","DASH_MESSAGES","1500","1",""
"SEQ_DASH_ACTION_ACCESS","DASH_ACTION_ACCESS","1","1",""
"SEQ_DASH_CONTRACT_PROP","DASH_CONTRACT_PROP","230","1",""
"SEQ_DASH_RPT_ACTION","DASH_RPT_ACTION","101","1",""
"SEQ_SCORE_LKP_ID","SCORE_TYPE_LOOKUP","101","1",""
"ACAD_STD_SUMM_FACT_SEQ","ACAD_STD_SUMM_FACT","3311600","1","ISTEPPERF"
"ACTIVITYID_SEQ","USER_ACTIVITY_HISTORY","717331","1","ISTEPPERF"
"ARTICLE_CONTENT_SEQ","ARTICLE_CONTENT","17394","1","ISTEPPERF"
"ARTICLE_METADATA_SEQ","ARTICLE_METADATA","25431","1","ISTEPPERF"
"INVITATION_CODE_CLAIM_ID_SEQ","INVITATION_CODE_CLAIM","22944600","1","ISTEPPERF"
"METADATA_CATEGORY_SEQ","CATEGORY_SEQ","1860","1","ISTEPPERF"
"OBJECTIVE_FACT_SEQ","OBJECTIVE_SCORE_FACT","117987600","1","ISTEPPERF"
"ORG_USER_ID_SEQ","ORG_USERS","4080104","1","ISTEPPERF"
"PERF_MATRIX_SEQ","PERF_MATRIX_FACT","38257421","1","ISTEPPERF"
"PWD_HINT_ANSWERS_SEQ","PWD_HINT_ANSWERS","299252","1","ISTEPPERF"
"SEQ_IC_ID","INVITATION_CODE","22983306","1","ISTEPPERF"
"SEQ_ISTEP_PROCESS_ID","STG_PROCESS_STATUS","2291756","1","ISTEPPERF"
"SEQ_OBJ_SCORE_FACT_ID","OBJECTIVE_SCORE_FACT","117987600","1","ISTEPPERF"
"SEQ_ORG_NODE_DIM","ORG_NODE_DIM","898945","1","ISTEPPERF"
"SEQ_ORG_PRODUCT_LINK","ORG_PRODUCT_LINK","202305","1","ISTEPPERF"
"SEQ_STATE_MEAN_IPI_SCORE","STATE_MEAN_IPI_SCORE","3795","1","ISTEPPERF"
"STUDENT_PDF_SEQ","STUDENT_PDF_FILES","23612873","1","ISTEPPERF"
"SUBTEST_FACT_SEQ","SUBTEST_SCORE_FACT","84019500","1","ISTEPPERF"
"USER_ID_SEQ","USERS","4064814","1","ISTEPPERF"
"ACTIVITYID_SEQ","USER_ACTIVITY_HISTORY","134281","1","TASC"
"ARTICLE_CONTENT_SEQ","ARTICLE_CONTENT","17394","1","TASC"
"ARTICLE_METADATA_SEQ","ARTICLE_METADATA","25431","1","TASC"
"INVITATION_CODE_CLAIM_ID_SEQ"," NULL","22944600","1","TASC"
"JOB_SEQ","JOB_TRACKING","4301","1","TASC"
"METADATA_CATEGORY_SEQ"," NULL","1860","1","TASC"
"ORG_USER_ID_SEQ","ORG_USERS","4080104","1","TASC"
"PERF_LOG_SEQ","PERF_LOG","2024300","5","TASC"
"PWD_HINT_ANSWERS_SEQ","PWD_HINT_ANSWERS","1460","1","TASC"
"SEQ_DEMOID","DEMOGRAPHIC","2181","1","TASC"
"SEQ_DEMO_VALID","DEMOGRAPHIC_VALUES","7761","1","TASC"
"SEQ_TASC_HIER_PROCESS_ID","STG_HIER_PROCESS_STATUS","201","1","TASC"
"SEQ_TASC_PROCESS_ID","STG_PROCESS_STATUS","413941","1","TASC"
"STUD_EXTRACTID_SEQ","STUDENTDATA_EXTRACT","2921","2","TASC"
"USER_ID_SEQ","USERS","6041","1","TASC"
